sample_size,sequential_time,parallel_time,speedup
100,0.13837313652038574,4.244858264923096,0.03259782256190188
500,0.5239274501800537,0.3777658939361572,1.3869104082450543
1000,1.6158862113952637,0.5806112289428711,2.7830777822491233
2000,2.199188709259033,0.47709107398986816,4.609578399502265
5000,2.922302722930908,0.3930943012237549,7.434100962118736
10000,2.381110668182373,0.41025733947753906,5.8039441078975145
15000,2.5136919021606445,0.36641860008239746,6.860164581152224
