sample_size,sequential_time,parallel_time,speedup,seq_throughput,par_throughput,efficiency
100,0.13837313652038574,4.244858264923096,0.03259782256190188,722.6836256997583,23.55791259895263,0.40747278202377346
500,0.5239274501800537,0.3777658939361572,1.3869104082450543,954.3306040333814,1323.5710476406864,17.336380103063178
1000,1.6158862113952637,0.5806112289428711,2.7830777822491233,618.855457115717,1722.3228731223771,34.78847227811404
2000,2.199188709259033,0.47709107398986816,4.609578399502265,909.4262768718264,4192.071721808137,57.619729993778314
5000,2.922302722930908,0.3930943012237549,7.434100962118736,1710.979482298561,12719.594215521147,92.9262620264842
10000,2.381110668182373,0.41025733947753906,5.8039441078975145,4199.720799887695,24374.94479132282,72.54930134871893
15000,2.5136919021606445,0.36641860008239746,6.860164581152224,5967.3184239909215,40936.78649671964,85.75205726440281
